"","CELF7SS0","rs1916988"
"1",113,"T/T"
"2",114,"C/T"
"3",87,"T/T"
"4",93,"C/T"
"5",101,"C/T"
"6",115,"T/T"
"7",126,"C/C"
"8",94,"C/T"
"9",103,"C/T"
"10",93,"C/T"
"11",117,"T/T"
"12",125,"C/C"
"13",111,"C/T"
"14",78,"T/T"
"15",94,"T/T"
"16",106,"C/T"
"17",100,"C/C"
"18",108,"C/T"
"19",111,"T/T"
"20",96,"T/T"
"21",113,"C/T"
"22",84,"T/T"
"23",91,"T/T"
"24",49,"C/T"
"25",45,"C/T"
"26",93,"C/T"
"27",87,"C/T"
"28",94,"T/T"
"29",115,"T/T"
"30",103,"C/T"
"31",97,"T/T"
"32",106,"C/T"
"33",82,"C/T"
"34",94,"T/T"
"35",106,"C/T"
"36",104,"C/T"
"37",75,"C/T"
"38",100,"T/T"
"39",115,"T/T"
"40",100,"C/T"
"41",99,"T/T"
"42",57,"C/T"
"43",79,"T/T"
"44",109,"C/T"
"45",115,"T/T"
"46",100,"C/T"
"47",97,"T/T"
"48",94,"T/T"
"49",113,"T/T"
"50",96,"T/T"
"51",99,"T/T"
"52",114,"T/T"
"53",87,"T/T"
"54",103,"C/C"
"55",91,"T/T"
"56",106,"C/T"
"57",81,"C/T"
"58",100,"C/T"
"59",108,"T/T"
"60",90,"T/T"
"61",115,"C/T"
"62",99,"T/T"
"63",85,"C/T"
"64",76,"C/C"
"65",100,"C/T"
"66",96,"C/T"
"67",94,"T/T"
"68",100,"T/T"
"69",91,"C/T"
"70",100,"C/T"
"71",103,"C/T"
"72",111,"C/T"
"73",128,"C/C"
"74",106,"T/T"
"75",117,"T/T"
"76",109,"T/T"
"77",104,"C/C"
"78",97,"C/T"
"79",103,"T/T"
"80",103,"C/T"
"81",101,"C/T"
"82",97,"T/T"
"83",123,"C/T"
"84",103,"T/T"
"85",91,"C/T"
"86",97,"T/T"
"87",99,"T/T"
"88",120,"C/T"
"89",85,"T/T"
"90",120,"T/T"
"91",100,"C/T"
"92",101,"T/T"
"93",106,"T/T"
"94",96,"C/T"
"95",106,"T/T"
"96",100,"T/T"
"97",111,"C/C"
"98",93,"T/T"
"99",90,"C/T"
"100",115,"C/T"
"101",99,"C/T"
"102",78,"C/C"
"103",113,"C/T"
"104",101,"C/C"
"105",104,"C/T"
"106",85,"C/T"
"107",76,"T/T"
"108",114,"C/T"
"109",65,"C/T"
"110",108,"C/T"
"111",79,"C/T"
"112",87,"C/T"
"113",101,"T/T"
"114",117,"C/T"
"115",99,"T/T"
"116",94,"T/T"
"117",134,"C/T"
"118",104,"T/T"
"119",94,"C/T"
"120",82,"C/T"
"121",94,"C/T"
"122",108,"C/T"
"123",104,"T/T"
"124",100,"C/T"
"125",78,"T/T"
"126",87,"T/T"
"127",89,"C/T"
"128",103,"T/T"
"129",78,"C/T"
"130",111,"C/T"
"131",101,"C/T"
"132",90,"C/T"
"133",125,"T/T"
"134",91,"T/T"
"135",79,"C/T"
"136",96,"T/T"
"137",117,"T/T"
"138",91,"C/T"
"139",91,"C/T"
"140",123,"T/T"
"141",85,"C/T"
"142",104,"C/C"
"143",75,"T/T"
"144",97,"C/T"
"145",108,"T/T"
"146",108,"C/T"
"147",89,"C/T"
"148",114,"C/T"
"149",99,"C/T"
"150",78,"C/C"
"151",94,"C/T"
"152",76,"C/T"
"153",101,"C/C"
"154",106,"C/T"
"155",99,"T/T"
"156",93,"T/T"
"157",103,"T/T"
"158",109,"T/T"
"159",82,"T/T"
"160",93,"C/T"
"161",103,"C/T"
"162",84,"C/T"
"163",81,"C/T"
"164",113,"T/T"
"165",108,"C/T"
"166",100,"T/T"
"167",99,"T/T"
"168",99,"T/T"
"169",106,"T/T"
"170",100,"T/T"
"171",100,"T/T"
"172",78,"C/T"
"173",129,"C/T"
"174",104,"C/T"
"175",96,"T/T"
"176",81,"C/T"
"177",85,"T/T"
"178",113,"T/T"
"179",104,"C/C"
"180",81,"C/T"
"181",84,"C/C"
"182",114,"T/T"
"183",103,"C/T"
"184",94,"C/T"
"185",118,"T/T"
"186",97,"T/T"
"187",97,"T/T"
"188",103,"C/T"
"189",106,"C/T"
"190",68,"C/C"
"191",51,"T/T"
"192",100,"C/C"
"193",101,"C/C"
"194",78,"C/T"
"195",104,"C/T"
"196",85,"C/T"
"197",90,"C/T"
"198",96,"C/T"
"199",104,"T/T"
"200",82,"C/T"
"201",103,"C/C"
"202",73,"T/T"
"203",103,"C/T"
"204",90,"T/T"
"205",131,"C/T"
"206",84,"C/C"
"207",93,"C/C"
"208",109,"C/T"
"209",72,"C/C"
"210",99,"C/T"
"211",79,"C/T"
"212",96,"T/T"
"213",101,"C/C"
"214",108,"C/T"
"215",96,"C/T"
"216",104,"T/T"
"217",87,"T/T"
"218",108,"T/T"
"219",129,"C/T"
"220",125,"C/T"
"221",106,"C/T"
"222",94,"T/T"
"223",114,"T/T"
"224",104,"T/T"
"225",123,"T/T"
"226",113,"T/T"
"227",117,"T/T"
"228",89,"C/T"
"229",108,"C/T"
"230",106,"C/T"
"231",78,"T/T"
"232",97,"C/T"
"233",108,"T/T"
"234",114,"C/T"
"235",97,"C/T"
"236",104,"T/T"
"237",99,"C/T"
"238",99,"C/T"
"239",108,"T/T"
"240",96,"C/T"
"241",128,"C/T"
"242",101,"C/C"
"243",113,"T/T"
"244",115,"T/T"
"245",126,"T/T"
"246",96,"T/T"
"247",108,"T/T"
"248",94,"T/T"
"249",96,"C/T"
"250",101,"C/T"
"251",106,"T/T"
"252",100,"C/C"
"253",103,"T/T"
"254",72,"C/T"
"255",101,"C/T"
"256",100,"T/T"
"257",111,"T/T"
"258",63,"C/T"
"259",91,"C/T"
"260",108,"T/T"
"261",84,"C/T"
"262",94,"T/T"
"263",101,"T/T"
"264",100,"T/T"
"265",94,"C/C"
"266",115,"C/T"
"267",114,"C/C"
"268",89,"T/T"
"269",89,"C/T"
"270",96,"C/T"
"271",123,"C/T"
"272",104,"C/T"
"273",114,"C/T"
"274",109,"C/T"
"275",113,"C/T"
"276",122,"T/T"
"277",90,"C/C"
"278",82,"T/T"
"279",99,"T/T"
"280",114,"C/T"
"281",91,"C/T"
"282",122,"C/T"
"283",97,"C/T"
"284",109,"T/T"
"285",100,"T/T"
"286",126,"C/T"
"287",84,"C/T"
"288",97,"T/T"
"289",93,"T/T"
"290",113,"C/T"
"291",93,"T/T"
"292",91,"T/T"
"293",94,"C/T"
"294",100,"T/T"
"295",90,"T/T"
"296",93,"T/T"
"297",114,"T/T"
"298",73,"C/C"
"299",101,"T/T"
"300",109,"T/T"
"301",109,"C/C"
"302",101,"T/T"
"303",93,"T/T"
"304",115,"C/T"
"305",96,"T/T"
"306",101,"C/T"
"307",82,"C/T"
"308",65,"C/C"
